{
	"format_version": "1.8.0",
	"animations": {
		"animation.boss_souls.run": {
			"loop": true,
			"animation_length": 2.08333,
			"bones": {
				"tube": {
					"rotation": [16.5, 0, 0]
				},
				"base": {
					"rotation": {
						"0.0": [5, 0, 0],
						"0.5": [0, 0, 0],
						"1.0": [5, 0, 0],
						"1.5": [0, 0, 0],
						"2.0": [5, 0, 0]
					}
				},
				"bone9": {
					"rotation": {
						"0.0": [10, 0, 0],
						"0.5833": [0, 0, 0],
						"1.0833": [10, 0, 0],
						"1.5833": [0, 0, 0],
						"2.0833": [10, 0, 0]
					}
				},
				"bone11": {
					"rotation": {
						"0.0": [10, 0, 0],
						"0.5833": [0, 0, 0],
						"1.0833": [10, 0, 0],
						"1.5833": [0, 0, 0],
						"2.0833": [10, 0, 0]
					}
				},
				"bras2": {
					"rotation": [22.5, 0, 0]
				},
				"bone": {
					"rotation": {
						"0.0": [6, 0, 0],
						"0.5": [0, 0, 0],
						"1.0": [6, 0, 0],
						"1.5": [0, 0, 0],
						"2.0": [6, 0, 0]
					}
				},
				"bone2": {
					"rotation": {
						"0.0": [10, 0, 0],
						"0.5": [0, 0, 0],
						"1.0": [10, 0, 0],
						"1.5": [0, 0, 0],
						"2.0": [10, 0, 0]
					}
				},
				"bone3": {
					"rotation": {
						"0.0": [22.5, 0, 0],
						"0.5833": [11.5, 0, 0],
						"1.0833": [22.5, 0, 0],
						"1.5833": [11.5, 0, 0],
						"2.0833": [22.5, 0, 0]
					},
					"position": [0, 0.14783, 1.40647]
				},
				"bras3": {
					"rotation": [22.5, 0, 0]
				},
				"bone4": {
					"rotation": {
						"0.0": [6, 0, 0],
						"0.5": [0, 0, 0],
						"1.0": [6, 0, 0],
						"1.5": [0, 0, 0],
						"2.0": [6, 0, 0]
					}
				},
				"bone5": {
					"rotation": {
						"0.0": [10, 0, 0],
						"0.5": [0, 0, 0],
						"1.0": [10, 0, 0],
						"1.5": [0, 0, 0],
						"2.0": [10, 0, 0]
					}
				},
				"bone6": {
					"rotation": {
						"0.0": [22.5, 0, 0],
						"0.5833": [11.5, 0, 0],
						"1.0833": [22.5, 0, 0],
						"1.5833": [11.5, 0, 0],
						"2.0833": [22.5, 0, 0]
					}
				},
				"bone8": {
					"position": {
						"0.0": [0, 0, 0],
						"0.5": [0, -1, 0],
						"1.0": [0, 0, 0],
						"1.5": [0, -1, 0],
						"2.0": [0, 0, 0]
					}
				},
				"bone7": {
					"position": {
						"0.0": [0, 0, 0],
						"0.5": [0, -1, 0],
						"1.0": [0, 0, 0],
						"1.5": [0, -1, 0],
						"2.0": [0, 0, 0]
					}
				},
				"particle": {
					"position": [-3, 10, -3]
				},
				"particle2": {
					"position": [3, 10, -3]
				},
				"bone12": {
					"scale": 0
				},
				"bone39": {
					"scale": 0
				}
			},
			"particle_effects": {
				"0.0": [
					{
						"effect": "charged_flames",
						"locator": "locator"
					},
					{
						"effect": "charged_flames",
						"locator": "locator2"
					}
				]
			}
		}
	}
}