{
  "format_version": "1.8.0",
  "animations": {
    "animation.boss_souls.attack": {
      "animation_length": 0.25,
      "bones": {
        "tube": {
          "rotation": {
            "0.0": [0, 0, 0],
            "0.0833": [0, -45, 0],
            "0.1667": [0, 22.5, 0]
          }
        },
        "bras2": {
          "rotation": {
            "0.0": [0, 0, 0],
            "0.0833": [-67.5, 0, 0],
            "0.1667": [-60.67206, -38.62085, -19.32397],
            "0.25": [0, 0, 0]
          },
          "position": {
            "0.0": [0, 0, 0],
            "0.0833": [0, -6, 1],
            "0.1667": [0, -6, -6],
            "0.25": [0, 0, 0]
          }
        },
        "bone2": {
          "rotation": {
            "0.0": [0, 0, 0],
            "0.0833": [0, 0, -17.5],
            "0.1667": [0, 0, -12.5],
            "0.25": [0, 0, 0]
          },
          "position": {
            "0.0": [0, 0, 0],
            "0.0833": [0, 1, 0],
            "0.25": [0, 0, 0]
          }
        },
        "bone3": {
          "rotation": {
            "0.0": [0, 0, 0],
            "0.0833": [0, 0, -12.5],
            "0.1667": [7.5, 0, -6.25],
            "0.25": [0, 0, 0]
          },
          "position": {
            "0.0": [0, 0, 0],
            "0.0833": [0, 0, 0],
            "0.1667": [0, 0, 1],
            "0.25": [0, 0, 0]
          }
        },
        "bras3": {
          "rotation": {
            "0.0": [0, 0, 0],
            "0.0833": [-95, 0, 0],
            "0.1667": [-70, 0, 0],
            "0.25": [-52.97985, 46.04179, 22.17599]
          },
          "position": {
            "0.0": [0, 0, 0],
            "0.0833": [0, -8, 1],
            "0.1667": [0, -4, 4.5],
            "0.25": [-1, -7, -9.5]
          }
        },
        "bone5": {
          "rotation": {
            "0.0": [0, 0, 0],
            "0.0833": [2.44081, -0.54094, 12.48848],
            "0.1667": [2.44081, -0.54094, 12.48848],
            "0.25": [2.4905, -0.21782, 4.99527]
          },
          "position": {
            "0.0": [0, 0, 0],
            "0.0833": [1, 1, 0],
            "0.1667": [1, 1, 0],
            "0.25": [0, 1, 0]
          }
        },
        "bone6": {
          "rotation": {
            "0.0": [0, 0, 0],
            "0.0833": [0, 0, 0],
            "0.1667": [0, -22.5, 0],
            "0.25": [0, -22.5, 0]
          },
          "position": {
            "0.0": [0, 0, 0],
            "0.0833": [0, 0, 0],
            "0.1667": [0, 0, 0],
            "0.25": [0, -0.5, 0]
          }
        },
        "bone12": {
          "scale": [0, 1, 1]
        },
        "bone39": {
          "scale": 0
        }
      }
    }
  }
}