{
	"format_version": "1.8.0",
	"animations": {
		"animation.peste.flash": {
			"animation_length": 20,
			"bones": {
				"corps": {
					"rotation": {
						"14.0": [0, 0, 0],
						"16.0": [0, -360, 0],
						"18.0": [0, -1080, 0],
						"20.0": [0, -3600, 0]
					},
					"position": {
						"0.0": [0, 0, 0],
						"4.0": [0, 43, 0]
					}
				},
				"head": {
					"rotation": {
						"0.0": [0, 0, 0],
						"0.25": [0, 15, 0],
						"0.7083": [12.5, -25, 0],
						"1.3333": [-1.03528, 9.28387, 7.22652],
						"1.9583": [-36.03984, -10.71292, 7.58687],
						"2.375": [-41.51362, 29.28453, -23.5269],
						"2.9583": [-54.01362, 29.28453, -23.5269],
						"3.5": [21.51303, 21.99001, 5.97975],
						"4.0": [19.92449, -3.79527, -3.79071],
						"5.0": [-32.7882, -3.79527, -3.79071],
						"6.0": [-35.21352, -20.43215, 7.60891],
						"7.25": [-35.42831, 21.22883, -20.67734],
						"9.25": [-53.06897, -7.99281, -1.05891],
						"12.7917": [-53.07, -7.99, -1.06],
						"13.0": [9.43, -7.99, -1.06],
						"13.25": [13.22487, -44.82805, -9.14451],
						"13.5": [10.96169, 31.43059, 6.02986],
						"13.8333": [0, 0, 0]
					},
					"position": {
						"0.0": [0, 0, 0],
						"2.4583": [0, 0, 3]
					}
				},
				"body": {
					"rotation": {
						"0.0": [0, 0, 0],
						"2.4583": [-15, 0, 0]
					},
					"position": {
						"0.0": [0, 0, 0],
						"2.4583": [0, 0, 4]
					}
				},
				"leftArm": {
					"rotation": {
						"0.0": [0, 0, 0],
						"0.5417": [-20, 0, 0],
						"1.5": [27.5, 0, 0],
						"2.0417": [7.5, 0, 0],
						"2.6667": [22.5, 0, 0],
						"3.375": [7.5, 0, 0],
						"4.0": [45, 0, 0],
						"5.2917": [25, 0, 0],
						"6.2917": [57.5, 0, 0],
						"7.7917": [-72.5, 0, 0],
						"9.25": [-70.45811, -25.89946, -8.81379],
						"10.25": [-22.95811, -25.89946, -8.81379],
						"10.5": [9.98532, -25.89946, -8.81379],
						"10.9583": [-4.75431, -25.89946, -8.81379],
						"11.4583": [5.74577, -25.89946, -8.81379],
						"11.9583": [-2.84466, -25.89946, -8.81379],
						"12.4583": [8.26065, -0.31083, -115.76935],
						"14.0": [8.26, -0.31, -115.77],
						"15.875": [-76.74, -0.31, -115.77]
					},
					"position": {
						"0.0": [0, 0, 0],
						"2.4583": [0, 0, 3]
					}
				},
				"leftLeg": {
					"rotation": {
						"0.0": [0, 0, 0],
						"1.0": [25, 0, 0],
						"2.5": [-20, 0, 0],
						"3.2083": [-2.5, 0, 0],
						"4.5833": [10, 0, 0],
						"5.375": [-15, 0, 0],
						"6.0": [-5, 0, 0],
						"6.5833": [-17.5, 0, 0],
						"7.75": [-5, 0, 0],
						"8.5": [7.5, 0, 0],
						"9.25": [-15, 0, 0],
						"10.0417": [-5, 0, 0],
						"10.75": [7.5, 0, 0],
						"11.5": [-15, 0, 0],
						"11.9583": [-5, 0, 0],
						"12.4583": [-3.81793, 3.05233, 38.42432],
						"14.0417": [-3.82, 3.05, 38.42],
						"14.2917": [34.46278, 3.05, 38.42],
						"15.0": [61.96278, 3.05, 38.42],
						"15.5": [76.96278, 3.05, 38.42]
					}
				},
				"rightLeg": {
					"rotation": {
						"0.0": [0, 0, 0],
						"0.5": [-5, 0, 0],
						"1.25": [-4.95744, -0.65182, -7.47178],
						"1.9167": [20.11794, -1.08089, -12.45392],
						"3.2083": [-43.07255, -1.88606, -9.45888],
						"4.0": [14.97199, -2.37954, -7.62321],
						"5.0": [-1.91046, -2.37954, -7.62321],
						"5.9167": [-19.41046, -2.37954, -7.62321],
						"6.625": [-6.91046, -2.37954, -7.62321],
						"7.5": [-16.91046, -2.37954, -7.62321],
						"8.7083": [3.08954, -2.37954, -7.62321],
						"9.9167": [-15.86185, -2.37954, -7.62321],
						"10.7917": [0.44582, -2.37954, -7.62321],
						"11.75": [-11.59335, -2.37954, -7.62321],
						"11.9167": [5.90665, -2.37954, -7.62321],
						"12.4583": [6.32305, 0.35018, -32.61889],
						"14.0": [6.32, 0.35, -32.62],
						"14.875": [-46.18, 0.35, -32.62],
						"16.4167": [-56.29196, 0.35, -32.62]
					},
					"position": [0, 0, 0]
				},
				"book": {
					"scale": [0, 0, 0]
				},
				"rightArm": {
					"rotation": {
						"0.0": [0, 0, 0],
						"0.4583": [0, 0, 12.5],
						"1.0": [32.5, 0, 12.5],
						"2.4583": [-61.57727, 0, 12.5],
						"3.1667": [25.69587, 0, 12.5],
						"4.0": [24.9282, -6.44344, 26.07433],
						"4.9167": [8.41527, -6.44344, 26.07433],
						"5.7083": [-44.08473, -6.44344, 26.07433],
						"7.0417": [23.86493, -6.44344, 26.07433],
						"8.2917": [-11.60509, -11.2206, 37.56994],
						"10.0": [-7.05237, -14.49759, 17.32421],
						"12.4583": [-12.03436, 9.32519, 116.67536],
						"14.0": [-12.03, 9.33, 116.68],
						"14.4167": [14.75377, 9.33, 116.68],
						"15.625": [74.75377, 9.33, 116.68]
					},
					"position": [0, 0, 0]
				}
			}
		},
		"animation.peste.attack": {
			"animation_length": 0.25,
			"bones": {
				"head": {
					"rotation": {
						"0.0": [0, 0, 0],
						"0.125": [-22.5, 0, 0],
						"0.25": [0, 0, 0]
					}
				},
				"leftArm": {
					"rotation": {
						"0.0": [0, 0, 0],
						"0.1667": [-145, 0, 0],
						"0.25": [0, 0, 0]
					}
				},
				"book": {
					"scale": 0
				},
				"bone2": {
					"scale": 0
				},
				"rightArm": {
					"rotation": {
						"0.0": [0, 0, 0],
						"0.1667": [-117.5, 0, 0],
						"0.25": [0, 0, 0]
					}
				}
			}
		},
		"animation.peste.static": {
			"loop": true,
			"animation_length": 7.25,
			"bones": {
				"head": {
					"rotation": {
						"0.0": [0, 0, 0],
						"2.0": ["-0.0042+Math.cos(query.anim_time*50)*1", 12.49994, -0.0385],
						"4.0": [0, -20, 0],
						"5.0": [-7.48501, -13.883, 0],
						"6.125": [3.658, -7.05197, 0],
						"7.25": [0, 0, 0]
					}
				},
				"leftArm": {
					"rotation": [0, 0, "-5-Math.cos(query.anim_time*100)*5"]
				},
				"rightArm": {
					"rotation": [0, 0, "5+Math.cos(query.anim_time*100)*5"]
				},
				"bone": {
					"scale": [1, 1, 1.2]
				},
				"book": {
					"scale": 0
				}
			}
		},
		"animation.peste.sitting": {
			"loop": true,
			"animation_length": 10.20833,
			"override_previous_animation": true,
			"bones": {
				"head": {
					"rotation": {
						"0.0": [22.5, 0, 0],
						"1.0": [15, 0, 0],
						"2.0": [25, 0, 0],
						"3.0": [0, 0, 0],
						"4.0": [0.65554, -12.49921, -0.14188],
						"5.0": [4.26315, 14.46171, 1.71195],
						"6.0": [20, -3.20299, 0],
						"7.0": [10.6, -2.43427, 0],
						"8.0": [24.35789, -1.66555, 0],
						"9.0": [3.5004, -0.89684, 0],
						"10.1667": [22.5, 0, 0]
					}
				},
				"leftArm": {
					"rotation": {
						"0.0": [-38, 12, 0],
						"1.0": [-35.5, 12, 0],
						"1.9583": [-40.5, 12, 0],
						"2.9583": [-38, 12, 0],
						"3.9583": [-35.5, 12, 0],
						"5.0": [-40.5, 12, 0],
						"6.0": [-35.5, 12, 0],
						"7.0": [-43, 12, 0],
						"8.0": [-40.5, 12, 0],
						"8.9583": [-38, 12, 0],
						"10.0": [-40.5, 12, 0],
						"10.2083": [-38, 12, 0]
					}
				},
				"rightArm": {
					"rotation": {
						"0.0": [-38, -12, 0],
						"1.0": [-40.5, -12, 0],
						"2.0": [-38, -12, 0],
						"3.0": [-40.5, -12, 0],
						"4.0": [-35.5, -12, 0],
						"5.0": [-38, -12, 0],
						"6.0": [-40.5, -12, 0],
						"7.0": [-35.5, -12, 0],
						"8.0": [-40.5, -12, 0],
						"9.0": [-35.5, -12, 0],
						"10.2083": [-38, -12, 0]
					}
				},
				"book": {
					"rotation": [27.5, 0, 0],
					"position": [0, 0, -9]
				},
				"bone2": {
					"rotation": [0, -15, 0]
				},
				"bone3": {
					"rotation": [0, 15, 0]
				},
				"leftLeg": {
					"rotation": {
						"0.0": [0, 0, 2.5],
						"2.0": [0, 0, 0],
						"4.0": [0, 0, 2.5],
						"6.0": [0, 0, 0],
						"8.0": [0, 0, 2.5],
						"10.2083": [0, 0, 2.5]
					}
				},
				"rightLeg": {
					"rotation": {
						"0.0": [0, -5, 0],
						"2.0": [0, -7.5, 0],
						"4.0": [0, -2.5, 0],
						"6.0": [0.10912, -2.49762, -2.50238],
						"10.1667": [0, -2.5, 0]
					}
				}
			}
		},
		"animation.peste.run": {
			"loop": true,
			"animation_length": 6,
			"bones": {
				"leftArm": {
					"rotation": ["Math.cos(query.anim_time*600)*-40", 0, 0]
				},
				"rightArm": {
					"rotation": ["Math.cos(query.anim_time*600)*40", 0, 0]
				},
				"leftLeg": {
					"rotation": ["-Math.cos(query.anim_time*600)*40", 0, 0]
				},