{
	"format_version": "1.8.0",
	"animations": {
		"animation.troll.attack": {
			"animation_length": 1,
			"bones": {
				"all": {
					"rotation": {
						"0.0": [0, 0, 0],
						"0.6667": [0, 20, 0],
						"0.9583": [0, -12.5, 0]
					},
					"position": [0, 0, 0]
				},
				"sourcil": {
					"rotation": {
						"0.0": [0, 0, 0],
						"0.9583": [0, 0, 0]
					},
					"position": {
						"0.0": [0, 0, 0],
						"0.6667": [0, 1, 0],
						"0.9583": [0, -0.25, 0]
					}
				},
				"bouche": {
					"rotation": {
						"0.0": [0, 0, 0],
						"0.6667": [12.5, 0, 0],
						"0.9583": [0, 0, 0]
					},
					"position": {
						"0.0": [0, 0, 0],
						"0.6667": [0, -1, 0.8],
						"0.9583": [0, 0, 0]
					}
				},
				"bras_gauche": {
					"rotation": {
						"0.0": [0, 0, 0],
						"0.6667": [-47.5, 0, 0],
						"0.9583": [-13.06161, 4.46375, -14.33501]
					},
					"position": [0, 0, 0]
				},
				"bras_droit2": {
					"rotation": {
						"0.0": [0, 0, 0],
						"0.6667": [-152.5, 0, 0],
						"0.9583": [-25.26088, 3.34418, -33.83472]
					},
					"position": {
						"0.0": [0, 0, 0],
						"0.6667": [0, 0, 0],
						"0.9583": [1, -2, -1]
					}
				},
				"gourdin": {
					"rotation": {
						"0.6667": [0, 0, 0],
						"0.9583": [20.6469, -14.0761, -5.23619]
					},
					"position": {
						"0.6667": [0, 0, 0],
						"0.9583": [1, -3, 0]
					}
				},
				"pied_gauche": {
					"rotation": {
						"0.0": [0, 0, 0],
						"0.6667": [-22.5, 0, 0],
						"0.9583": [22.5, 0, 0]
					},
					"position": {
						"0.0": [0, 0, 0],
						"0.6667": [0, 0, -2],
						"0.9583": [0, 0, 2]
					}
				},
				"pied_droit": {
					"rotation": {
						"0.0": [0, 0, 0],
						"0.6667": [22.5, 0, 0],
						"0.9583": [-22.5, 0, 0]
					},
					"position": {
						"0.0": [0, 0, 0],
						"0.6667": [0, 0, 2],
						"0.9583": [0, 0, -2]
					}
				},
				"effet": {
					"position": [0, 0, -0.5],
					"scale": {
						"0.7917": [0, 0, 0],
						"0.8333": [1, 1, 1],
						"0.9583": [1, 1, 1]
					}
				},
				"effet_2": {
					"scale": 0
				}
			}
		},
		"animation.troll.walk": {
			"loop": true,
			"animation_length": 1,
			"bones": {
				"all": {
					"rotation": {
						"0.0": [0, 1.5, 0],
						"0.5": [0, -1.5, 0],
						"1.0": [0, 1.5, 0]
					}
				},
				"pied_gauche": {
					"rotation": {
						"0.0": [-15, 0, 0],
						"0.5": [15, 0, 0],
						"1.0": [-15, 0, 0]
					},
					"position": {
						"0.0": [0, 0, -1],
						"0.5": [0, 0, 1],
						"1.0": [0, 0, -1]
					}
				},
				"bras_gauche": {
					"rotation": {
						"0.0": [10, 0, 0],
						"0.5": [-9, 0, 0],
						"1.0": [10, 0, 0]
					}
				},
				"bras_droit2": {
					"rotation": {
						"0.0": [-10, 0, 0],
						"0.5": [9, 0, 0],
						"1.0": [-10, 0, 0]
					}
				},
				"pied_droit": {
					"rotation": {
						"0.0": [15, 0, 0],
						"0.5": [-15, 0, 0],
						"1.0": [15, 0, 0]
					},
					"position": {
						"0.0": [0, 0, 1],
						"0.5": [0, 0, -1],
						"1.0": [0, 0, 1]
					}
				},
				"sourcil": {
					"position": [0, 0, 0]
				},
				"bouche": {
					"position": {
						"0.0": [0, -0.5, 0],
						"0.5": [0, 0, 0],
						"1.0": [0, -0.5, 0]
					}
				},
				"effet": {
					"scale": 0
				},
				"effet_2": {
					"scale": 0
				}
			}
		},
		"animation.troll.death": {
			"loop": "hold_on_last_frame",
			"animation_length": 4,
			"bones": {
				"head": {
					"rotation": {
						"0.0": [0, 0, 0],
						"0.75": [-7.5, 0, 0],
						"1.2917": [17.5, 0, 0],
						"1.75": [-7.5, 0, 0],
						"2.0": [14.27, 0, 0],
						"2.0833": [29.27, 0, 0],
						"2.1667": [36.77, 0, 0],
						"2.25": [49.27, 0, 0],
						"2.3333": [64.27, 0, 0],
						"2.5": [76.77, 0, 0],
						"2.75": [86.77, 0, 0],
						"3.0417": [71.77, 0, 0],
						"3.25": [86.77, 0, 0]
					},
					"position": {
						"0.0": [0, 0, 0],
						"0.75": [0, -3, 0],
						"1.2917": [0, -4.75, -2.5],
						"1.75": [0, -2.75, 2.5],
						"2.0": [0, -6.83, -9.96],
						"2.0833": [0, -9.98, -13.56],
						"2.1667": [0, -12.88, -16.66],
						"2.25": [0, -16.78, -19.26],
						"2.3333": [0, -21.58, -20.96],
						"2.4167": [0, -25.08, -22.46],
						"2.5": [0, -29.33, -23.41],
						"2.75": [0, -30.08, -22.91],
						"3.0417": [0, -28.33, -23.91],
						"3.25": [0, -30.08, -22.91]
					}
				},
				"torse": {
					"rotation": {
						"0.0": [0, 0, 0],
						"0.75": [0, 0, 0],
						"1.25": [5, 0, 0],
						"1.75": [-5, 0, 0],
						"2.5": [90, 0, 0]
					},
					"position": {
						"0.0": [0, 0, 0],
						"0.75": [0, -4, 0],
						"1.75": [0, -4, 0],
						"2.5": [0, -6.75, -4]
					}
				},
				"bras_gauche": {
					"rotation": {
						"0.0": [0, 0, 0],
						"0.5": [0, 0, -12.5],
						"0.9167": [0, 0, 0],
						"1.2917": [12.5, 0, 0],
						"1.75": [-27.5, 0, 0],
						"2.5417": [110, 0, 0],
						"2.8333": [127.5, 0, 0],
						"3.0833": [90, 0, 0],
						"3.25": [95, 0, 0],
						"3.4167": [90, 0, 0]
					},
					"position": {
						"0.0": [0, 0, 0],
						"0.75": [0, -4, 0],
						"1.2917": [0, -4, -1],
						"1.75": [0, -4, 1],
						"1.9583": [0, -6.16, -8.09],
						"2.1667": [0, -10.81, -14.94],
						"2.3333": [0, -16.87, -18.58],
						"2.5417": [0, -24.25, -21]
					}
				},
				"epaule_droit": {
					"rotation": {
						"0.0": [0, 0, 0],
						"0.5": [0, 0, 12.5],
						"0.9167": [0, 0, 0],
						"1.2917": [12.5, 0, 0],
						"1.75": [-27.5, 0, 0],
						"2.5417": [110, 0, 0],
						"2.8333": [127.5, 0, 0],
						"3.0833": [90, 0, 0],
						"3.25": [95, 0, 0],
						"3.4167": [90, 0, 0]
					},
					"position": {
						"0.0": [0, 0, 0],
						"0.75": [0, -4, 0],
						"1.2917": [0, -4, -1],
						"1.75": [0, -4, 1],
						"1.9583": [0, -6.16, -8.09],
						"2.1667": [0, -10.06, -12.94],
						"2.3333": [0, -15.37, -16.08],
						"2.5417": [0, -21, -19],
						"3.4167": [0, -21, -18.25]
					}
				},
				"gourdin": {
					"rotation": {
						"0.0": [0, 0, 0],
						"0.7083": [0, 0, 22.5],
						"1.1667": [0, 0, -22.5],
						"1.5": [0, 0, -67.5],
						"1.75": [0, 0, -90]
					},
					"position": {
						"0.0": [0, 0, 0],
						"0.7083": [-5, -8, 0],
						"1.1667": [-11, -6, 0],
						"1.5": [-15, -7, 0],
						"1.75": [-16, -8, 0],
						"1.9167": [-17, -8, 0]
					}
				},
				"effet": {
					"scale": 0
				},
				"pied_gauche": {
					"rotation": {
						"0.0": [0, 0, 0],
						"0.6667": [90, 0, 0]
					},
					"position": {
						"0.0": [0, 0, 0],
						"0.6667": [0, -2, 2]
					}
				},
				"pied_droit": {
					"rotation": {
						"0.0": [0, 0, 0],
						"0.6667": [90, 0, 0]
					},
					"position": {
						"0.0": [0, 0, 0],
						"0.6667": [0, -2, 2]
					}
				},
				"effet_2": {
					"scale": 0
				}
			}
		},
		"animation.troll.invocation": {
			"animation_length": 3.08333,
			"bones": {
				"all": {
					"rotation": {
						"0.8333": [0, 0, 0],
						"1.4167": [0, -5, 0],
						"2.3333": [0, 5, 0],
						"3.0": [0, 0, 0]
					}
				},
				"head": {
					"rotation": {
						"0.0": [0, 0, 0],
						"0.6667": [-7.5, 0, 0],
						"0.8333": [2.5, 0, 0],
						"2.5": [2.5, 0, 0],
						"3.0": [0, 0, 0]
					},
					"position": {
						"0.0": [0, 0, 0],
						"0.6667": [0, 0, 2.5],
						"0.8333": [0, 0, -1.75],
						"2.5": [0, 0, -1.75],
						"3.0": [0, 0, 0]
					}
				},
				"sourcil": {
					"rotation": {
						"0.0": [0, 0, 0],
						"3.0": [0, 0, 0]
					},
					"position": {
						"0.0": [0, 0, 0],
						"0.6667": [0, 0.5, 0],
						"0.8333": [0, 0.1, 0],
						"2.5": [0, 0.1, 0],
						"3.0": [0, 0, 0]
					}
				},
				"bouche": {
					"rotation": {
						"0.0": [0, 0, 0],
						"0.6667": [-10, 0, 0],
						"0.8333": [22.5, 0, 0],
						"2.5833": [22.5, 0, 0],
						"3.0": [0, 0, 0]
					},
					"position": {
						"0.0": [0, 0, 0],
						"0.6667": [0, 0.175, 0],
						"0.8333": [0, -2.08, 0],
						"2.5833": [0, -2.08, 0],
						"3.0": [0, 0, 0]
					}
				},
				"torse": {
					"rotation": {
						"0.0": [0, 0, 0],
						"0.6667": [-5, 0, 0],
						"0.8333": [5, 0, 0],
						"2.5": [5, 0, 0],
						"3.0": [0, 0, 0]
					},